Cc,Cs,Rc,Rs
43.31195439253306,3.4,5.2564571340620425,5.102067634734778
