Cc,Cs,Rc,Rs
76.51538802590807,3.4,0.23599242294739584,0.23836566272992013
