Cc,Cs,Rc,Rs
185.3136241064438,3.4,0.20285860231935915,0.19984890770532077
