Cc,Cs,Rc,Rs
100.0,3.4,2.1726350421604534,2.0832605529733006
