SOC,OCV
0,2.5
0.1,
0.2,3.2537
0.3,3.26878
0.4,3.42963
0.5,3.58185
0.6,3.71286
0.7,3.8159
0.8,3.90646
0.9,4.03549
1,4.12647
